MAPE,MAE,RMSE
0.072749406,5.6890764,9.776956
