MAPE,MAE,RMSE
0.097777165,7.044608116149902,8.892424583435059
0.08124891,5.896616458892822,7.447513580322266
0.07549251,5.473164081573486,6.874842166900635
0.06373425,4.741948127746582,6.101850509643555
0.061703246,4.605423450469971,5.934022426605225
