MAPE,MAE,RMSE
0.25506645,19.58377456665039,31.706134796142578
0.048743144,3.7529356479644775,5.101452350616455
0.045611862,3.5107905864715576,4.675350666046143
0.044056643,3.3891499042510986,4.47892951965332
0.042364936,3.2573249340057373,4.287806034088135
