MAPE,MAE,RMSE
0.049312647,7.2001777,8.920474
