MAPE,MAE,RMSE
0.051392496,3.880362,4.852062
