MAPE,MAE,RMSE
0.053571533,7.7714806,9.4176855
